date_time,ticker,Open,Close,High,Low,Volume,date,MACD,MACDSIGNAL,MACD_ADJ,MACDSIGNAL_ADJ,MACDHIST_ADJ,is_con,is_max,is_min,count_index,confidence
2021-06-23 09:15:00,140033,3656.75,3665.65,3669.0,3656.05,615.0,2021-06-23,2.2737367544323206e-12,2.2737367544323206e-12,,,,0,,,0,0.0
2021-06-23 09:16:00,140033,3665.4,3668.1,3668.5,3663.9,721.0,2021-06-23,0.1954415954437536,0.039088319090569715,,,,0,,,1,0.0
2021-06-23 09:17:00,140033,3665.2,3662.7,3667.65,3662.5,582.0,2021-06-23,-0.08443113286239168,0.014384428699977435,1.3642420526593924e-12,1.3642420526593924e-12,0.0,0,1.0,1.0,2,-0.08449192944300454
2021-06-23 09:18:00,140033,3661.35,3662.45,3662.9,3657.7,468.0,2021-06-23,-0.3226854797362648,-0.053029552987271016,-0.01994301994182024,-0.0039886039872726545,-0.015954415954547586,0,2.0,2.0,3,0.0
2021-06-23 09:19:00,140033,3663.0,3666.25,3667.0,3660.85,543.0,2021-06-23,-0.20254076028140844,-0.0829317944460985,0.2677932808996957,0.05036777299012101,0.21742550790957466,0,3.0,3.0,4,0.0
2021-06-23 09:20:00,140033,3666.25,3668.0,3668.6,3666.25,477.0,2021-06-23,0.03349901433739433,-0.05964563268939993,0.0,0.0,0.0,0,4.0,4.0,5,0.16718817704300287
2021-06-23 09:21:00,140033,3668.2,3665.9,3669.0,3665.0,268.0,2021-06-23,0.050527339018117345,-0.037611038347896475,-0.1675213675212035,-0.0335042735042407,-0.1340170940169628,0,0.0,5.0,6,0.0
2021-06-23 09:22:00,140033,3665.05,3667.1,3668.35,3665.0,552.0,2021-06-23,0.1590193046336026,0.001715030248403339,-0.20113473104902369,-0.0670303650131973,-0.13410436603582637,0,0.0,6.0,7,0.07684541295787282
2021-06-23 09:23:00,140033,3665.6,3668.1,3670.0,3665.6,696.0,2021-06-23,0.32198002635914236,0.06576802947055113,-0.14540577391517218,-0.08270544679359228,-0.0627003271215799,0,0.0,7.0,8,0.13461096556544386
2021-06-23 09:24:00,140033,3669.0,3670.05,3671.8,3668.1,428.0,2021-06-23,0.6015420729950165,0.1729228381754442,0.05546911584951886,-0.05507053426497005,0.11053965011448891,0,1.0,0.0,9,0.0
2021-06-23 09:25:00,140033,3671.25,3670.0,3672.9,3669.5,729.0,2021-06-23,0.8097283822053214,0.3002839469814197,0.20822899682343632,-0.002410628047288775,0.2106396248707251,0,2.0,0.0,10,0.14745942533792417
2021-06-23 09:26:00,140033,3670.75,3669.4,3671.8,3667.3,283.0,2021-06-23,0.9157463921883391,0.42337643602280356,0.27767643636934736,0.05360678483603845,0.2240696515333089,0,3.0,0.0,11,0.13630729396648172
2021-06-23 09:27:00,140033,3669.4,3670.2,3671.55,3669.3,394.0,2021-06-23,1.0521907431188993,0.5491392974420227,0.3927400834627406,0.12143344456137889,0.2713066389013617,0,4.0,0.0,12,0.16723654900585266
2021-06-23 09:28:00,140033,3670.2,3666.6,3672.9,3666.6,371.0,2021-06-23,0.8599213229858833,0.6112957025507948,0.1912345068722061,0.13539365702354433,0.05584084984866178,0,0.0,0.0,13,-0.03307369413713032
2021-06-23 09:29:00,140033,3667.35,3669.1,3670.9,3667.35,358.0,2021-06-23,0.8989134146427205,0.6688192449691799,0.2306106561886736,0.1544370568565702,0.07617359933210341,0,1.0,0.0,14,0.046172360380540914
2021-06-23 09:30:00,140033,3669.9,3667.8,3670.0,3667.8,268.0,2021-06-23,0.8155150429820424,0.6981584045717524,0.1551291702553499,0.15457547953632614,0.0005536907190237528,0,0.0,0.0,15,-0.015195009260159004
2021-06-23 09:31:00,140033,3668.8,3666.0,3668.8,3665.0,183.0,2021-06-23,0.5972910760910963,0.6779849388756212,0.0,0.0,0.0,0,0.0,0.0,16,-0.12271378631925152
2021-06-23 09:32:00,140033,3666.0,3665.95,3667.35,3665.2,474.0,2021-06-23,0.4155225427593905,0.625492459652375,-0.003988603988545947,-0.0007977207977091894,-0.0031908831908367572,0,0.0,0.0,17,0.0
2021-06-23 09:33:00,140033,3666.0,3665.15,3666.0,3665.15,347.0,2021-06-23,0.2045583352464746,0.5413056347711949,-0.07088578826460434,-0.014815334291088219,-0.05607045397351612,0,0.0,1.0,18,-0.13210027564905544
2021-06-23 09:34:00,140033,3665.15,3661.05,3665.15,3660.05,395.0,2021-06-23,-0.29012368870553473,0.37501977007584897,-0.4495558239418642,-0.10176343222124343,-0.3477923917206208,0,0.0,2.0,19,-0.3256390783127986
2021-06-23 09:35:00,140033,3661.05,3665.1,3665.1,3660.8,296.0,2021-06-23,-0.35131189905314386,0.2297534362500504,-0.4180345604536342,-0.1650176578677216,-0.2530169025859126,1,0.0,3.0,20,0.0
2021-06-23 09:36:00,140033,3665.1,3664.8,3668.3,3663.8,429.0,2021-06-23,-0.41917944962096954,0.0999668590758464,-0.4125061111631112,-0.21451534852679952,-0.19799076263631168,1,0.0,4.0,21,0.0
2021-06-23 09:37:00,140033,3664.05,3664.95,3667.35,3663.75,238.0,2021-06-23,-0.4556092462239576,-0.01114836198411441,-0.39150796871399507,-0.24991387256423864,-0.14159409614975643,1,0.0,5.0,22,0.0
2021-06-23 09:38:00,140033,3664.85,3659.1,3664.85,3657.35,383.0,2021-06-23,-0.9456256481639684,-0.19804381922008524,-0.8372614700006125,-0.3673833920515134,-0.4698780779490991,1,0.0,6.0,23,0.0
2021-06-23 09:39:00,140033,3661.0,3664.0,3664.25,3659.4,310.0,2021-06-23,-0.9278820810441175,-0.34401147158489165,-0.7860739115217257,-0.45112149594555584,-0.33495241557616984,1,0.0,7.0,24,0.0
2021-06-23 09:40:00,140033,3664.0,3663.65,3664.5,3662.4,425.0,2021-06-23,-0.9313264990437347,-0.46147447707666023,-0.7649318197045432,-0.5138835606973533,-0.25104825900718986,1,0.0,8.0,25,0.0
2021-06-23 09:41:00,140033,3663.65,3661.55,3663.65,3660.1,238.0,2021-06-23,-1.0909330772592511,-0.5873661971131784,-0.9071716985404237,-0.5925411882659674,-0.3146305102744563,1,0.0,9.0,26,0.0
2021-06-23 09:42:00,140033,3661.55,3663.05,3665.0,3660.5,439.0,2021-06-23,-1.0838905607356537,-0.6866710698376735,-0.888616940380416,-0.6517563386888571,-0.23686060169155898,1,0.0,10.0,27,0.0
2021-06-23 09:43:00,140033,3663.05,3662.0,3664.5,3661.95,495.0,2021-06-23,-1.149781574163626,-0.779293170702864,-0.9477137316753215,-0.71094781728615,-0.2367659143891715,1,0.0,11.0,28,0.0
2021-06-23 09:44:00,140033,3662.0,3662.0,3664.65,3661.95,146.0,2021-06-23,-1.1883026636110117,-0.8610950692844935,-0.9832144800493552,-0.765401149838791,-0.21781333021056415,1,0.0,12.0,29,0.0
2021-06-23 09:45:00,140033,3663.0,3661.7,3663.0,3660.0,452.0,2021-06-23,-1.2288727175809981,-0.9346505989437944,-1.0237553572078468,-0.8170719913126022,-0.2066833658952446,1,0.0,13.0,30,0.0
2021-06-23 09:46:00,140033,3661.7,3659.95,3661.7,3658.0,212.0,2021-06-23,-1.386255264508236,-1.0249715320566828,-1.1834525645863323,-0.8903481059673483,-0.29310445861898404,1,0.0,14.0,31,0.0
2021-06-23 09:47:00,140033,3659.95,3659.0,3659.95,3657.9,128.0,2021-06-23,-1.5695463737588398,-1.1338865003971141,-1.3708682961264458,-0.9864521439991678,-0.384416152127278,1,0.0,15.0,32,0.0
2021-06-23 09:48:00,140033,3659.0,3658.0,3659.0,3657.4,214.0,2021-06-23,-1.7750360305935828,-1.2621164064364079,-1.5818536322781256,-1.1055324416549595,-0.47632119062316614,1,0.0,16.0,33,0.0
2021-06-23 09:49:00,140033,3658.0,3658.0,3659.0,3657.0,203.0,2021-06-23,-1.9158038696450603,-1.3928538990781383,-1.7291287118009677,-1.2302516956841612,-0.49887701611680657,0,0.0,17.0,34,-0.28687620723040946
2021-06-23 09:50:00,140033,3657.2,3656.9,3658.65,3656.0,424.0,2021-06-23,-2.092008827652535,-1.5326848847930177,-1.9125592873610913,-1.3667132140195473,-0.545846073341544,0,0.0,18.0,35,-0.32186831356636636
2021-06-23 09:51:00,140033,3656.9,3656.25,3656.9,3655.05,341.0,2021-06-23,-2.258072440590695,-1.6777623959525532,-2.0863290056786354,-1.510636372351365,-0.5756926333272705,0,0.0,19.0,36,-0.33872585233006625
2021-06-23 09:52:00,140033,3656.25,3655.8,3656.25,3655.0,597.0,2021-06-23,-2.3983436764756334,-1.8218786520571693,-2.234594978654968,-1.6554280936120855,-0.5791668850428826,0,0.0,20.0,37,-0.3410994038762207
2021-06-23 09:53:00,140033,3655.8,3652.65,3655.8,3652.0,532.0,2021-06-23,-2.7321932923232453,-2.0039415801103844,-2.576574359435199,-1.8396573467767081,-0.7369170126584907,0,0.0,21.0,38,-0.45213602475805276
2021-06-23 09:54:00,140033,3652.0,3653.35,3654.0,3651.2,291.0,2021-06-23,-2.9067798199271238,-2.184509228073732,-2.7593037961214577,-2.023586636645658,-0.7357171594757999,0,0.0,22.0,39,-0.4349834596826074
2021-06-23 09:55:00,140033,3653.35,3652.5,3653.8,3651.0,717.0,2021-06-23,-3.078244708277907,-2.363256324114567,-2.9388290949937073,-2.2066351283152676,-0.7321939666784396,0,0.0,23.0,40,-0.4174151755800919
2021-06-23 09:56:00,140033,3652.5,3650.9,3652.5,3650.0,364.0,2021-06-23,-3.305138911877293,-2.551632841667112,-3.1736272169596305,-2.40003354604414,-0.7735936709154903,0,0.0,24.0,41,-0.4374691838614229
2021-06-23 09:57:00,140033,3650.9,3650.2,3651.95,3650.0,602.0,2021-06-23,-3.501080080943666,-2.7415222895224227,-3.3772596234348384,-2.59547876152228,-0.7817808619125586,0,0.0,25.0,42,-0.44063462389437147
2021-06-23 09:58:00,140033,3650.2,3645.05,3651.55,3644.0,948.0,2021-06-23,-4.025523104218792,-2.9983224524616965,-3.9091396043090754,-2.858210930079639,-1.0509286742294366,0,0.0,26.0,43,-0.6250591497733362
2021-06-23 09:59:00,140033,3645.05,3642.9,3646.4,3642.9,637.0,2021-06-23,-4.5620465771071395,-3.311067277390785,-4.45281606107028,-3.177131956277767,-1.275684104792513,0,0.0,27.0,44,-0.7726505356705309
2021-06-23 10:00:00,140033,3644.05,3644.45,3644.6,3642.7,294.0,2021-06-23,-4.806763866952679,-3.610206595303164,-4.704382332765363,-3.4825820315752862,-1.2218003011900764,0,0.0,28.0,45,-0.7158944941757175
2021-06-23 10:01:00,140033,3644.45,3645.95,3646.0,3644.45,254.0,2021-06-23,-4.82405788188089,-3.852976852618709,-4.72820910024484,-3.7317074453091967,-0.9965016549356429,0,0.0,29.0,46,-0.5363412825019881
2021-06-23 10:02:00,140033,3645.95,3645.9,3645.95,3645.05,299.0,2021-06-23,-4.78662090916805,-4.0397056639285776,-4.696982674762694,-3.924762491199896,-0.7722201835627978,0,0.0,30.0,47,-0.39231028114455613
2021-06-23 10:03:00,140033,3645.9,3645.1,3645.95,3645.05,1012.0,2021-06-23,-4.766559225029141,-4.18507637614869,-4.6828083223222166,-4.07637165742436,-0.6064366648978563,0,0.0,31.0,48,-0.29285056620136946
2021-06-23 10:04:00,140033,3645.1,3645.0,3645.15,3645.0,461.0,2021-06-23,-4.704498826059535,-4.288960866130859,-4.62631493140907,-4.186360312221302,-0.4399546191877679,1,0.0,0.0,49,0.0
2021-06-23 10:05:00,140033,3644.6,3644.3,3645.0,3643.0,807.0,2021-06-23,-4.658103939960256,-4.362789480896739,-4.585172645862713,-4.266122778949584,-0.31904986691312853,1,0.0,0.0,50,0.0
2021-06-23 10:06:00,140033,3644.3,3643.8,3644.35,3643.05,276.0,2021-06-23,-4.608556904526722,-4.411942965622735,-4.540572021621301,-4.321012627483928,-0.2195593941373737,1,0.0,0.0,51,0.0
2021-06-23 10:07:00,140033,3643.8,3643.55,3644.0,3642.1,889.0,2021-06-23,-4.53716185506164,-4.436986743510516,-4.473827122040802,-4.351575526395303,-0.12225159564549948,1,0.0,0.0,52,0.0
2021-06-23 10:08:00,140033,3643.55,3643.0,3645.0,3643.0,534.0,2021-06-23,-4.473394658414236,-4.44426832649126,-4.414424968556887,-4.36414541482762,-0.050279553729266624,1,0.0,0.0,53,0.0
2021-06-23 10:09:00,140033,3643.55,3644.55,3644.55,3642.95,191.0,2021-06-23,-4.248809023908052,-4.405176465974618,-1.3642420526593924e-12,-1.3642420526593924e-12,0.0,1,1.0,0.0,54,0.0
2021-06-23 10:10:00,140033,3644.55,3642.1,3644.55,3642.1,541.0,2021-06-23,-4.2198737373419135,-4.368115920248077,-0.19544159544284412,-0.03908831908966022,-0.1563532763531839,1,2.0,0.0,55,0.0
2021-06-23 10:11:00,140033,3643.6,3640.7,3643.6,3640.1,247.0,2021-06-23,-4.260794823509514,-4.346651700900365,-0.45801900958713304,-0.1228744571891548,-0.33514455239797825,1,3.0,0.0,56,0.0
2021-06-23 10:12:00,140033,3640.65,3637.8,3640.65,3635.45,429.0,2021-06-23,-4.475638468529269,-4.372449054426146,-1.3642420526593924e-12,-1.3642420526593924e-12,0.0,1,4.0,0.0,57,0.0
2021-06-23 10:13:00,140033,3636.2,3637.8,3637.8,3636.0,731.0,2021-06-23,-4.592958834644378,-4.416551010469792,-1.3642420526593924e-12,-1.3642420526593924e-12,0.0,0,5.0,0.0,58,-0.07301781552033497
2021-06-23 10:14:00,140033,3637.8,3637.55,3640.0,3637.0,435.0,2021-06-23,-4.65247810912615,-4.463736430201064,-0.019943019944093976,-0.003988603989910189,-0.015954415954183787,0,6.0,0.0,59,0.0
2021-06-23 10:15:00,140033,3637.6,3637.45,3637.6,3631.0,621.0,2021-06-23,-4.6540675337587345,-4.501802650912598,-0.043317830213709385,-0.011854449234670028,-0.031463380979039356,0,0.0,0.0,60,9.367506770274758e-17
2021-06-23 10:16:00,140033,3637.45,3637.0,3638.0,3635.5,907.0,2021-06-23,-4.6381724387129,-4.529076608472659,-0.09703521341407395,-0.028890602070550817,-0.06814461134352313,1,0.0,0.0,61,0.0
2021-06-23 10:17:00,140033,3637.0,3642.95,3642.95,3636.55,529.0,2021-06-23,-4.098218476056445,-4.442904981989416,1.3642420526593924e-12,1.3642420526593924e-12,0.0,1,1.0,0.0,62,0.0
2021-06-23 10:18:00,140033,3642.95,3641.0,3642.95,3641.0,107.0,2021-06-23,-3.784029833222121,-4.311129952235957,-0.15555555555420142,-0.03111111110974889,-0.12444444444445253,1,0.0,0.0,63,0.0
2021-06-23 10:19:00,140033,3641.0,3640.4,3642.3,3638.4,207.0,2021-06-23,-3.5426110408793647,-4.157426169964639,-0.32352010129670816,-0.08959290914714074,-0.23392719214956742,1,0.0,0.0,64,0.0
2021-06-23 10:20:00,140033,3639.35,3639.8,3640.2,3638.35,47.0,2021-06-23,-3.3609568754723114,-3.9981323110661733,-0.4992926644704312,-0.17153286021179884,-0.3277598042586324,1,0.0,1.0,65,0.0
2021-06-23 10:21:00,140033,3639.8,3640.05,3642.0,3639.05,73.0,2021-06-23,-3.1603907131111555,-3.83058399147517,-0.6113732462795269,-0.25950093742534447,-0.35187230885418247,1,0.0,2.0,66,0.0
2021-06-23 10:22:00,140033,3640.05,3640.35,3640.35,3638.3,57.0,2021-06-23,-2.9433045094024237,-3.6531280950606204,-0.6682868275111105,-0.3412581154424977,-0.3270287120686128,1,0.0,3.0,67,0.0
2021-06-23 10:23:00,140033,3640.35,3640.3,3640.5,3638.65,37.0,2021-06-23,-2.743669398127622,-3.4712363556740207,-0.7092500398434822,-0.4148565003226946,-0.2943935395207876,1,0.0,4.0,68,0.0
2021-06-23 10:24:00,140033,3640.3,3640.25,3641.95,3639.05,125.0,2021-06-23,-2.559981839172906,-3.288985452373798,-0.7372497071710313,-0.47933514169236197,-0.25791456547866937,1,0.0,5.0,69,0.0
2021-06-23 10:25:00,140033,3640.25,3640.75,3642.0,3640.25,106.0,2021-06-23,-2.347007462907186,-3.1005898544804755,-0.7108990225169691,-0.5256479178572834,-0.18525110465968575,1,0.0,6.0,70,0.0
2021-06-23 10:26:00,140033,3641.0,3641.95,3642.0,3640.3,80.0,2021-06-23,-2.0576741770819353,-2.8920067190007677,-0.5864259901236437,-0.5378035323105554,-0.04862245781308827,1,0.0,0.0,71,0.0
2021-06-23 10:27:00,140033,3641.95,3642.95,3643.0,3639.75,129.0,2021-06-23,-1.7277671961410306,-2.65915881442882,-0.402449386509943,-0.510732703150433,0.10828331664048996,1,0.0,0.0,72,0.0
2021-06-23 10:28:00,140033,3642.95,3641.9,3642.95,3640.7,78.0,2021-06-23,-1.5333640948783795,-2.433999870518732,-0.3374825388177669,-0.4760826702838997,0.13860013146613281,1,0.0,0.0,73,0.0
2021-06-23 10:29:00,140033,3641.9,3639.4,3641.9,3639.4,124.0,2021-06-23,-1.5630099375366626,-2.259801883922318,-0.4821668314939416,-0.4772995025259081,-0.004867328968033491,1,0.0,0.0,74,0.0
2021-06-23 10:30:00,140033,3639.4,3641.25,3643.1,3639.4,180.0,2021-06-23,-1.4208463107015632,-2.092010769278167,-0.44245034477035006,-0.4703296709747965,0.027879326204446442,1,0.0,0.0,75,0.0
2021-06-23 10:31:00,140033,3641.25,3641.55,3643.1,3640.25,233.0,2021-06-23,-1.2693409471048653,-1.9274768048435067,-0.3823596461152192,-0.45273566600288107,0.07037601988766184,1,0.0,0.0,76,0.0
2021-06-23 10:32:00,140033,3640.85,3640.0,3641.35,3640.0,75.0,2021-06-23,-1.2598214634085707,-1.7939457365565195,-0.4545693876684709,-0.453102410335999,-0.0014669773324718638,1,0.0,0.0,77,0.0
2021-06-23 10:33:00,140033,3640.0,3640.2,3640.35,3640.0,41.0,2021-06-23,-1.2220518227532011,-1.6795669537958557,-0.490009277630179,-0.460483783794835,-0.029525493835343974,1,0.0,0.0,78,0.0
2021-06-23 10:34:00,140033,3640.2,3639.8,3640.2,3638.05,108.0,2021-06-23,-1.2104425393590645,-1.5857420709084975,-0.5441002537809254,-0.47720707779205307,-0.06689317598887234,1,0.0,0.0,79,0.0
2021-06-23 10:35:00,140033,3639.8,3639.3,3639.8,3638.05,136.0,2021-06-23,-1.2274387698694227,-1.5140814107006826,-0.6201646908930343,-0.5057986004122493,-0.11436609048078494,1,0.0,0.0,80,0.0
2021-06-23 10:36:00,140033,3639.3,3640.0,3640.05,3638.8,295.0,2021-06-23,-1.1709265428348772,-1.4454504371275214,-0.616851475628664,-0.5280091754555323,-0.08884230017313177,1,0.0,0.0,81,0.0
2021-06-23 10:37:00,140033,3640.0,3640.85,3640.9,3639.5,177.0,2021-06-23,-1.0455004214509245,-1.365460433992202,-0.5394197374516807,-0.530291287854762,-0.00912844959691872,1,0.0,0.0,82,0.0
2021-06-23 10:38:00,140033,3640.85,3642.55,3642.55,3639.55,172.0,2021-06-23,-0.7997050224012128,-1.2523093516740043,-0.33699407662925296,-0.49163184560966017,0.1546377689804072,1,1.0,0.0,83,0.0
2021-06-23 10:39:00,140033,3642.55,3642.0,3642.55,3641.0,238.0,2021-06-23,-0.6418914758819483,-1.130225776515593,-0.21843272895830523,-0.43699202227938916,0.21855929332108393,1,2.0,0.0,84,0.0
2021-06-23 10:40:00,140033,3642.0,3640.65,3642.0,3640.3,123.0,2021-06-23,-0.6186256889977813,-1.0279057590120306,-0.23074583002562576,-0.3957427838286365,0.16499695380301072,1,3.0,0.0,85,0.0
2021-06-23 10:41:00,140033,3640.65,3640.0,3640.65,3639.9,112.0,2021-06-23,-0.6451994948406536,-0.9513645061777553,-0.28961511627449,-0.3745172503178072,0.0849021340433172,1,4.0,0.0,86,0.0
2021-06-23 10:42:00,140033,3640.0,3640.05,3640.15,3640.0,147.0,2021-06-23,-0.6546781234092123,-0.8920272296240467,-0.3284487152868678,-0.3653035433116193,0.036854828024751485,1,5.0,0.0,87,0.0
2021-06-23 10:43:00,140033,3640.05,3639.7,3640.05,3639.7,109.0,2021-06-23,-0.6825639079179382,-0.8501345652828249,-0.38305112231637395,-0.3688530591125702,-0.014198063203803735,1,0.0,0.0,88,0.0
2021-06-23 10:44:00,140033,3640.9,3639.9,3642.0,3639.75,442.0,2021-06-23,-0.6806788227563629,-0.8162434167775325,-0.40551111503327775,-0.3761846702967117,-0.029326444736566037,1,0.0,0.0,89,0.0
2021-06-23 10:45:00,140033,3639.9,3639.9,3640.0,3639.7,140.0,2021-06-23,-0.6714448805614666,-0.7872837095343194,-0.41848676613608404,-0.3846450894645862,-0.033841676671497845,1,0.0,0.0,90,0.0
2021-06-23 10:46:00,140033,3639.95,3640.55,3640.9,3639.95,111.0,2021-06-23,-0.6047066651030946,-0.7507683006480744,-0.3720319427420691,-0.3821224601200828,0.010090517378013697,1,0.0,0.0,91,0.0
2021-06-23 10:47:00,140033,3640.55,3641.55,3643.0,3640.55,121.0,2021-06-23,-0.4657555656403929,-0.6937657536465381,-0.2516239535561908,-0.3560227588073044,0.10439880525111356,1,1.0,0.0,92,0.0
2021-06-23 10:48:00,140033,3641.55,3642.2,3643.0,3641.55,125.0,2021-06-23,-0.2997311365384121,-0.6149588302249129,-0.10256784859802792,-0.3053317767654491,0.20276392816742117,1,2.0,0.0,93,0.0
2021-06-23 10:49:00,140033,3642.2,3650.0,3650.1,3642.15,188.0,2021-06-23,0.45598294479850665,-0.400770475220229,0.6376050866097103,-0.1167444040904172,0.7543494907001275,1,3.0,0.0,94,0.0
2021-06-23 10:50:00,140033,3650.0,3650.05,3650.05,3649.0,174.0,2021-06-23,1.0468588439107407,-0.11124461139403508,1.2142351060847432,0.14945149794461493,1.0647836081401283,0,4.0,0.0,95,0.7417604310310429
2021-06-23 10:51:00,140033,3650.25,3650.15,3651.4,3650.0,249.0,2021-06-23,1.5058429945670468,0.21217290979818132,1.6601505332391753,0.451591305003527,1.2085592282356483,0,5.0,0.0,96,0.7671099379997135
2021-06-23 10:52:00,140033,3650.15,3650.2,3650.2,3648.55,406.0,2021-06-23,1.8522739616669242,0.5401931201719299,1.994583981485448,0.7601898402999112,1.2343941411855368,0,6.0,0.0,97,0.7882021595087187
2021-06-23 10:53:00,140033,3650.2,3650.2,3650.85,3648.9,243.0,2021-06-23,2.102585699860356,0.8526716361096152,2.233874187587844,1.0549267097574977,1.1789474778303464,0,7.0,0.0,98,0.8756890903525939
2021-06-23 10:54:00,140033,3650.2,3654.0,3654.0,3650.2,314.0,2021-06-23,2.5778716975914904,1.1977116484059902,2.699028916727002,1.3837471511513986,1.3152817655756035,0,8.0,0.0,99,1.0
2021-06-23 10:55:00,140033,3654.0,3653.85,3655.65,3652.45,427.0,2021-06-23,2.908903499830103,1.5399500186908128,3.0207424063178223,1.7111462021846833,1.309596204133139,0,9.0,0.0,100,0.9867255725410313
2021-06-23 10:56:00,140033,3653.25,3652.9,3654.85,3652.9,136.0,2021-06-23,3.059325527227429,1.8438251203981362,3.1625892439592462,2.001434810539596,1.1611544334196502,0,10.0,0.0,101,0.8468010910959708
2021-06-23 10:57:00,140033,3652.9,3654.0,3655.9,3652.5,223.0,2021-06-23,3.2300627221711693,2.1210726407527427,3.3254311908981435,2.2662340866113055,1.059197104286838,0,11.0,0.0,102,0.7019088131897971
2021-06-23 10:58:00,140033,3654.0,3659.05,3660.0,3653.4,312.0,2021-06-23,3.729870351005502,2.4428321828032944,3.8179662639595335,2.5765805220809512,1.2413857418785823,0,12.0,0.0,103,0.8172318825044561
2021-06-23 10:59:00,140033,3659.05,3660.0,3660.65,3659.0,134.0,2021-06-23,4.154735355351477,2.7852128173129307,4.236129454945512,2.9084903086538634,1.327639146291649,0,13.0,0.0,104,0.8601320251575637
2021-06-23 11:00:00,140033,3660.0,3660.05,3660.25,3659.0,209.0,2021-06-23,4.444247990034455,3.1170198518572354,4.519463813068796,3.23068500953685,1.2887788035319465,0,14.0,0.0,105,0.816702637901396
2021-06-23 11:01:00,140033,3660.0,3660.5,3663.1,3658.9,317.0,2021-06-23,4.65632486347522,3.424880854180832,4.725842996065239,3.529716606842528,1.1961263892227114,0,15.0,0.0,106,0.7435172089895726
2021-06-23 11:02:00,140033,3660.5,3660.0,3661.0,3659.0,293.0,2021-06-23,4.729532386957544,3.6858111607361748,4.793794287631499,3.782532143000322,1.0112621446311771,0,16.0,0.0,107,0.5839101348940332
2021-06-23 11:03:00,140033,3660.0,3660.05,3660.05,3660.0,86.0,2021-06-23,4.736979507782962,3.896044830145532,4.796390948686167,3.985303904137491,0.8110870445486755,0,17.0,0.0,108,0.4371401519205822
2021-06-23 11:04:00,140033,3660.05,3660.0,3660.4,3659.9,182.0,2021-06-23,4.68484287016463,4.053804438149352,4.739777039841101,4.136198531278213,0.6035785085628884,0,18.0,0.0,109,0.30765643687545646
2021-06-23 11:05:00,140033,3660.0,3661.9,3661.9,3660.0,282.0,2021-06-23,4.742173505988831,4.191478251717248,4.792973811659067,4.267553587354383,0.5254202243046837,0,19.0,0.0,110,0.26928235996311034
2021-06-23 11:06:00,140033,3661.9,3660.05,3661.9,3660.0,294.0,2021-06-23,4.585470459913722,4.270276693356543,4.632453062381046,4.3405334823597155,0.29191958002133056,0,0.0,0.0,111,0.06616868334203996
2021-06-23 11:07:00,140033,3661.4,3660.0,3661.4,3660.0,372.0,2021-06-23,4.406452740511213,4.297511902787477,4.449908850697284,4.362408556027229,0.08750029467005493,0,0.0,0.0,112,-0.08608591479559488
2021-06-23 11:08:00,140033,3660.0,3660.05,3660.05,3659.95,469.0,2021-06-23,4.219969310888246,4.282003384407631,-1.3642420526593924e-12,-1.3642420526593924e-12,0.0,0,0.0,1.0,113,-0.19178623796739463
2021-06-23 11:09:00,140033,3660.05,3660.55,3660.8,3659.05,522.0,2021-06-23,4.0656592812874806,4.2387345637836,0.03988603988454997,0.007977207975818601,0.031908831908731373,0,0.0,2.0,114,-0.24899922559288185
2021-06-23 11:10:00,140033,3660.55,3660.05,3660.55,3660.0,269.0,2021-06-23,3.8585427705597795,4.162696205138836,0.030795204582773295,0.01254080729720954,0.018254397285563755,1,0.0,3.0,115,0.0
2021-06-23 11:11:00,140033,3660.15,3661.1,3661.4,3660.05,146.0,2021-06-23,3.7360606864222063,4.07736910139551,0.10708249653089297,0.03144914514394623,0.07563335138694674,1,0.0,4.0,116,0.0
2021-06-23 11:12:00,140033,3661.1,3661.9,3661.9,3660.8,117.0,2021-06-23,3.6613404132494907,3.994163363766306,0.22944909282568915,0.0710491346802948,0.15839995814539434,1,0.0,0.0,117,0.0
2021-06-23 11:13:00,140033,3661.9,3661.2,3662.0,3661.15,109.0,2021-06-23,3.5052337557694955,3.8963774421669437,0.26686509741239206,0.11021232722671426,0.1566527701856778,1,0.0,0.0,118,0.0
2021-06-23 11:14:00,140033,3661.2,3665.1,3666.0,3661.2,481.0,2021-06-23,3.654093397279212,3.847920633189397,0.6042495443398366,0.20901977064933874,0.39522977369049783,1,0.0,0.0,119,0.0
2021-06-23 11:15:00,140033,3665.1,3661.35,3665.55,3661.2,130.0,2021-06-23,3.429933932396125,3.764323293030743,0.562550754390486,0.27972596739756816,0.2828247869929178,1,0.0,0.0,120,0.0
2021-06-23 11:16:00,140033,3661.25,3661.2,3662.7,3661.2,107.0,2021-06-23,3.203257041876441,3.6521100427998823,0.5115041154913342,0.3260815970163214,0.18542251847501284,1,0.0,0.0,121,0.0
2021-06-23 11:17:00,140033,3661.2,3660.0,3661.25,3660.0,288.0,2021-06-23,2.8934303380005986,3.5003741018400256,0.36995470763031335,0.3348562191391198,0.03509848849119357,1,0.0,0.0,122,0.0
2021-06-23 11:18:00,140033,3660.0,3660.0,3660.95,3660.0,240.0,2021-06-23,2.61771505333445,3.3238422921389104,0.25483816634141476,0.31885260857957876,-0.064014442238164,1,0.0,0.0,123,0.0
2021-06-23 11:19:00,140033,3660.0,3660.15,3661.0,3660.0,146.0,2021-06-23,2.3838331060510427,3.135840454921337,0.1737088172822041,0.2898238503201038,-0.11611503303789972,1,0.0,0.0,124,0.0
2021-06-23 11:20:00,140033,3660.15,3660.25,3660.95,3660.0,430.0,2021-06-23,2.1814032828965537,2.9449530205163805,0.11614355728079317,0.2550877917122417,-0.13894423443144854,1,0.0,0.0,125,0.0
2021-06-23 11:21:00,140033,3660.25,3660.45,3661.5,3660.0,431.0,2021-06-23,2.0138995378852087,2.758742323990146,0.08567341275238505,0.2212049159202704,-0.13553150316788534,1,0.0,1.0,126,0.0
2021-06-23 11:22:00,140033,3660.0,3661.5,3661.5,3660.0,178.0,2021-06-23,1.9434746717038252,2.595688793532882,0.1445851409680472,0.20588096092982575,-0.06129581996177855,1,0.0,0.0,127,0.0
2021-06-23 11:23:00,140033,3661.5,3662.0,3662.0,3660.4,114.0,2021-06-23,1.906036674875395,2.4577583698013847,0.2289793993600142,0.21050064861586343,0.018478750744150785,1,0.0,0.0,128,0.0
2021-06-23 11:24:00,140033,3661.8,3662.9,3663.0,3661.8,62.0,2021-06-23,1.9267785671054298,2.351562409262194,0.36428567702478176,0.2412576542976471,0.12302802272713467,1,0.0,0.0,129,0.0
2021-06-23 11:25:00,140033,3662.9,3662.3,3662.9,3660.25,226.0,2021-06-23,1.873208498999702,2.2558916272096954,0.4182802173372693,0.27666216690557155,0.14161805043169773,1,1.0,0.0,130,0.0
2021-06-23 11:26:00,140033,3662.3,3661.55,3662.9,3661.0,55.0,2021-06-23,1.7500614826890342,2.1547255983055633,0.39598784615918703,0.30052730275629463,0.0954605434028924,1,0.0,0.0,131,0.0
2021-06-23 11:27:00,140033,3661.55,3660.5,3662.1,3660.5,118.0,2021-06-23,1.549874373240982,2.033755353292647,0.2902489474167851,0.29847163168839275,-0.008222684271607661,1,0.0,0.0,132,0.0
2021-06-23 11:28:00,140033,3660.5,3660.45,3660.5,3660.1,287.0,2021-06-23,1.371381630815904,1.9012806087972982,0.20010879658002523,0.2787990646667192,-0.07869026808669399,1,0.0,0.0,133,0.0
2021-06-23 11:29:00,140033,3660.45,3660.95,3661.0,3660.0,129.0,2021-06-23,1.2557946487927438,1.7721834167963872,0.16709176904032574,0.25645760554144054,-0.08936583650111479,1,0.0,1.0,134,0.0
2021-06-23 11:30:00,140033,3660.95,3664.8,3664.8,3660.0,218.0,2021-06-23,1.458046504485992,1.7093560343343082,0.44644205493887057,0.29445449542092655,0.15198755951794402,1,1.0,0.0,135,0.0
2021-06-23 11:31:00,140033,3664.8,3669.0,3670.0,3662.0,591.0,2021-06-23,1.9349327560466918,1.754471378676785,0.0,0.0,0.0,1,0.0,1.0,136,0.0
2021-06-23 11:32:00,140033,3668.3,3668.1,3669.05,3664.5,544.0,2021-06-23,2.2147161980833516,1.8465203425580983,-0.07179487179473654,-0.014358974358947308,-0.05743589743578923,0,0.0,2.0,137,0.0
2021-06-23 11:33:00,140033,3668.1,3668.55,3669.2,3667.1,203.0,2021-06-23,2.4445782544021313,1.966131924926905,-0.09132880414881583,-0.029752940316921012,-0.061575863831894825,0,0.0,3.0,138,0.16281246764176288
2021-06-23 11:34:00,140033,3668.55,3670.0,3670.0,3668.05,305.0,2021-06-23,2.7124806830915986,2.1154016765598436,0.010077132657897891,-0.021786925721957232,0.03186405837985512,0,0.0,4.0,139,0.0
2021-06-23 11:35:00,140033,3670.0,3669.7,3670.8,3667.8,329.0,2021-06-23,2.8675326635966485,2.2658278739672046,0.06547976539650335,-0.0043335874982651165,0.06981335289476848,0,0.0,0.0,140,0.10982410913334904
2021-06-23 11:36:00,140033,3670.0,3670.45,3671.6,3668.6,928.0,2021-06-23,3.0161627604184105,2.4158948512574456,0.16796923816400522,0.03012697763418895,0.13784226052981627,1,0.0,0.0,141,0.0
2021-06-23 11:37:00,140033,3670.0,3669.95,3670.45,3668.85,229.0,2021-06-23,3.05835257689796,2.5443863963855486,0.20646703890042772,0.06539498988743671,0.14107204901299103,1,0.0,0.0,142,0.0
2021-06-23 11:38:00,140033,3669.95,3670.65,3670.8,3668.9,190.0,2021-06-23,3.1123947114401744,2.657988059396474,0.29011668860675854,0.11033932963130108,0.17977735897545746,1,0.0,0.0,143,0.0
2021-06-23 11:39:00,140033,3669.95,3670.95,3672.0,3669.05,745.0,2021-06-23,3.14319815347244,2.755030078211667,0.37627961429006973,0.16352738656305482,0.2127522277270149,1,1.0,0.0,144,0.0
2021-06-23 11:40:00,140033,3671.95,3670.65,3671.95,3668.05,620.0,2021-06-23,3.107580358444011,2.825540134258136,0.4155664692921164,0.21393520310886713,0.20163126618324925,1,2.0,0.0,145,0.0
2021-06-23 11:41:00,140033,3670.65,3670.25,3671.65,3670.0,313.0,2021-06-23,3.012351825490896,2.862902472504688,0.40970213666651034,0.2530885898203958,0.15661354684611456,1,3.0,0.0,146,0.0
2021-06-23 11:42:00,140033,3670.25,3670.0,3670.3,3667.4,768.0,2021-06-23,2.883470760350974,2.867016130073945,0.38049558390639504,0.27856998863759563,0.10192559526879941,1,4.0,0.0,147,0.0
2021-06-23 11:43:00,140033,3670.0,3672.8,3672.8,3669.0,663.0,2021-06-23,2.9729973245821384,2.8882123689755836,0.5766386484515351,0.33818372060038354,0.23845492785115158,1,5.0,0.0,148,0.0
2021-06-23 11:44:00,140033,3671.55,3675.0,3675.0,3671.55,546.0,2021-06-23,3.1847574837424872,2.9475213919289645,0.8992391845090424,0.45039481338211534,0.44884437112692704,1,6.0,0.0,149,0.0
2021-06-23 11:45:00,140033,3675.0,3674.35,3678.0,3672.85,712.0,2021-06-23,3.2625210559194784,3.0105213247270672,1.0898893004000456,0.5782937107857014,0.5115955896143443,1,7.0,0.0,150,0.0
2021-06-23 11:46:00,140033,3674.35,3672.8,3674.95,3671.05,1019.0,2021-06-23,3.1626204807766953,3.0409411559369928,1.103191934782899,0.6832733555851409,0.419918579197758,1,8.0,0.0,151,0.0
2021-06-23 11:47:00,140033,3672.0,3672.4,3674.95,3669.5,317.0,2021-06-23,3.0164007084481455,3.036033066439223,2.2737367544323206e-12,2.2737367544323206e-12,0.0,1,0.0,1.0,152,0.0
2021-06-23 11:48:00,140033,3670.25,3670.0,3672.25,3669.25,120.0,2021-06-23,2.6760131294618077,2.96402907904374,-0.19145299145111494,-0.038290598288404004,-0.15316239316271094,1,0.0,2.0,153,0.0
2021-06-23 11:49:00,140033,3670.0,3671.0,3671.0,3669.2,117.0,2021-06-23,2.458603907982706,2.8629440448315333,-0.2594978936840562,-0.08253205736753444,-0.17696583631652174,1,0.0,3.0,154,0.0
2021-06-23 11:50:00,140033,3671.0,3670.0,3671.0,3668.0,226.0,2021-06-23,2.180478689924257,2.726450973850078,-0.38962426559101004,-0.14395049901222956,-0.24567376657878048,1,0.0,4.0,155,0.0
2021-06-23 11:51:00,140033,3669.5,3668.55,3670.2,3665.85,609.0,2021-06-23,1.8220560411327824,2.545571987306619,-0.6028044798704286,-0.23572129518386936,-0.36708318468655926,1,0.0,5.0,156,0.0
2021-06-23 11:52:00,140033,3670.4,3669.0,3670.5,3668.55,115.0,2021-06-23,1.5563738400437614,2.3477323578540474,-0.7270590126549905,-0.3339888386780936,-0.3930701739768969,1,0.0,6.0,157,0.0
2021-06-23 11:53:00,140033,3669.0,3668.6,3670.2,3668.6,212.0,2021-06-23,1.2985729834636004,2.137900482975958,-0.8480326891940422,-0.4367976087812833,-0.41123508041275886,1,0.0,7.0,158,0.0
2021-06-23 11:54:00,140033,3668.6,3669.0,3669.9,3666.6,196.0,2021-06-23,1.113702534764343,1.933060893333635,-0.9012396131010973,-0.5296860096452461,-0.3715536034558512,1,0.0,8.0,159,0.0
2021-06-23 11:55:00,140033,3669.0,3668.0,3669.0,3665.35,184.0,2021-06-23,0.8763971685784782,1.7217281483826037,-1.0124274923659868,-0.6262343061893942,-0.3861931861765926,1,0.0,9.0,160,0.0
2021-06-23 11:56:00,140033,3668.0,3666.95,3668.0,3665.0,166.0,2021-06-23,0.5967260450015601,1.496727727706395,-1.17176355170659,-0.7353401552928334,-0.4364233964137567,1,0.0,10.0,161,0.0
2021-06-23 11:57:00,140033,3666.95,3666.0,3666.95,3665.05,129.0,2021-06-23,0.29502671974933037,1.2563875261149822,-1.3590295406288533,-0.8600780323600373,-0.49895150826881596,1,0.0,11.0,162,0.0
2021-06-23 11:58:00,140033,3665.2,3666.6,3666.6,3665.0,243.0,2021-06-23,0.10315372452578231,1.0257407657971422,-1.4423971440223795,-0.9765418546925058,-0.46585528932987375,1,0.0,12.0,163,0.0
2021-06-23 11:59:00,140033,3666.6,3667.45,3667.45,3665.2,125.0,2021-06-23,0.019456606051335257,0.8244839338479808,-1.4234698003106132,-1.0659274438161273,-0.35754235649448596,1,0.0,13.0,164,0.0
2021-06-23 12:00:00,140033,3665.9,3665.8,3667.85,3665.0,392.0,2021-06-23,-0.1779637187487424,0.6239944033286362,-1.5240427384246686,-1.1575505027378354,-0.3664922356868332,1,0.0,14.0,165,0.0
2021-06-23 12:01:00,140033,3667.5,3667.2,3667.5,3665.05,129.0,2021-06-23,-0.2189287741471162,0.45540976783348575,-1.4737902798137839,-1.2207984581530251,-0.25299182166075873,1,0.0,15.0,166,0.0
2021-06-23 12:02:00,140033,3665.05,3667.5,3668.0,3665.0,186.0,2021-06-23,-0.22459736428390897,0.3194083414100068,-1.3936917406763314,-1.2553771146576864,-0.13831462601864497,1,0.0,0.0,167,0.0
2021-06-23 12:03:00,140033,3668.0,3669.9,3669.9,3667.5,260.0,2021-06-23,-0.03502606180654766,0.2485214607666959,-1.1236009565582208,-1.2290218830377933,0.10542092647957246,1,0.0,0.0,168,0.0
2021-06-23 12:04:00,140033,3669.9,3667.6,3669.9,3666.0,134.0,2021-06-23,-0.06957816315025411,0.1849015359833059,-1.082662582031844,-1.1997500228366034,0.1170874408047593,1,0.0,0.0,169,0.0
2021-06-23 12:05:00,140033,3667.6,3669.0,3669.0,3666.5,161.0,2021-06-23,0.015824927399989974,0.1510862142666427,-0.9265694101718509,-1.1451139003036528,0.21854449013180188,1,0.0,0.0,170,0.0
2021-06-23 12:06:00,140033,3669.0,3668.9,3669.0,3668.0,87.0,2021-06-23,0.07457863165018352,0.13578469774335086,-0.8016922024735322,-1.0764295607376286,0.2747373582640964,1,1.0,0.0,171,0.0
2021-06-23 12:07:00,140033,3668.9,3668.75,3668.95,3667.35,94.0,2021-06-23,0.10779502521745599,0.13018676323817188,-0.7066836528242675,-1.0024803791549564,0.2957967263306889,1,2.0,0.0,172,0.0
2021-06-23 12:08:00,140033,3668.75,3667.6,3669.65,3667.6,171.0,2021-06-23,0.04085294011838414,0.11231999861421434,-0.7159312717276407,-0.9451705576694932,0.2292392859418525,1,3.0,0.0,173,0.0
2021-06-23 12:09:00,140033,3669.1,3670.1,3670.95,3667.2,317.0,2021-06-23,0.18737007640675074,0.1273300141727216,-2.2737367544323206e-12,-2.2737367544323206e-12,0.0,1,4.0,0.0,174,0.0
2021-06-23 12:10:00,140033,3670.1,3670.7,3670.7,3668.0,132.0,2021-06-23,0.34789068089003194,0.17144214751618367,0.04786324786118712,0.009572649570418435,0.03829059829076868,1,5.0,0.0,175,0.0
2021-06-23 12:11:00,140033,3670.7,3671.9,3672.0,3668.8,526.0,2021-06-23,0.5654166168142183,0.2502370413757906,0.18054398908907388,0.04376691747414953,0.13677707161492436,1,6.0,0.0,176,0.0
2021-06-23 12:12:00,140033,3671.9,3671.0,3671.9,3669.45,121.0,2021-06-23,0.657604553884994,0.33171054387763127,0.21064378362279967,0.07714229070387957,0.1335014929189201,1,7.0,0.0,177,0.0
2021-06-23 12:13:00,140033,3671.0,3671.4,3671.5,3669.05,101.0,2021-06-23,0.7542463330273677,0.41621770170757855,0.263734576677507,0.11446074789860505,0.14927382877890194,1,8.0,0.0,178,0.0
2021-06-23 12:14:00,140033,3671.4,3671.4,3672.0,3669.0,116.0,2021-06-23,0.8213674268508839,0.4972476467362396,0.3023244051205438,0.1520334793429928,0.15029092577755102,1,9.0,0.0,179,0.0
2021-06-23 12:15:00,140033,3671.4,3671.8,3671.85,3669.0,590.0,2021-06-23,0.8965036977742784,0.5770988569438473,0.36102214073662253,0.19383121162171874,0.1671909291149038,1,10.0,0.0,180,0.0
2021-06-23 12:16:00,140033,3669.85,3671.05,3671.95,3669.85,182.0,2021-06-23,0.885325520317565,0.6387441896185908,0.34306712287752816,0.22367839387288063,0.11938872900464753,1,11.0,0.0,181,0.0
2021-06-23 12:17:00,140033,3670.25,3670.2,3671.9,3669.6,146.0,2021-06-23,0.7986722414520955,0.6707297999852917,0.25728393654480897,0.2303995024072663,0.026884434137542657,1,0.0,0.0,182,0.0
2021-06-23 12:18:00,140033,3670.2,3669.05,3671.5,3668.0,209.0,2021-06-23,0.6299419261986259,0.6625722252279586,-1.3642420526593924e-12,-1.3642420526593924e-12,0.0,1,0.0,0.0,183,0.0
2021-06-23 12:19:00,140033,3671.2,3671.7,3671.75,3669.85,68.0,2021-06-23,0.7019629962856015,0.6704503794394872,1.3642420526593924e-12,1.3642420526593924e-12,0.0,1,0.0,0.0,184,0.0
2021-06-23 12:20:00,140033,3671.7,3671.0,3671.7,3668.9,209.0,2021-06-23,0.6945497264532605,0.6752702488422418,-0.05584045583918851,-0.01116809116674631,-0.0446723646724422,1,0.0,1.0,185,0.0
2021-06-23 12:21:00,140033,3670.95,3671.0,3671.6,3665.05,448.0,2021-06-23,0.6808265124659556,0.6763815015669846,-0.0989537422574358,-0.02872522138488421,-0.0702285208725516,1,0.0,2.0,186,0.0
2021-06-23 12:22:00,140033,3669.2,3671.0,3671.0,3668.3,175.0,2021-06-23,0.662315999940347,0.6735684012416571,0.0,0.0,0.0,1,0.0,0.0,187,0.0
2021-06-23 12:23:00,140033,3671.0,3671.8,3671.8,3669.4,402.0,2021-06-23,0.7040833647711224,0.6796713939475502,-1.3642420526593924e-12,-1.3642420526593924e-12,0.0,1,0.0,1.0,188,0.0
2021-06-23 12:24:00,140033,3671.8,3671.7,3671.8,3670.3,64.0,2021-06-23,0.7208061336300489,0.6878983418840499,-0.007977207978456136,-0.001595441596782621,-0.0063817663816735145,1,0.0,2.0,189,0.0
2021-06-23 12:25:00,140033,3671.7,3679.1,3681.6,3670.85,1439.0,2021-06-23,1.3160070934636678,0.8135200921999735,0.5761771414181567,0.11395907500620524,0.46221806641195146,1,1.0,0.0,190,0.0
2021-06-23 12:26:00,140033,3680.8,3678.6,3681.6,3672.7,1395.0,2021-06-23,1.7274493600748428,0.9963059457749474,0.9873957668269213,0.28864641337034846,0.6987493534565729,0,2.0,0.0,191,0.2914266573260992
2021-06-23 12:27:00,140033,3676.4,3680.05,3680.55,3676.4,810.0,2021-06-23,2.145787895338799,1.2262023356877176,1.4139927438068298,0.5137156794576447,0.9002770643491851,0,3.0,0.0,192,0.3926394283376131
2021-06-23 12:28:00,140033,3680.05,3677.05,3680.9,3677.05,490.0,2021-06-23,2.2097763443880467,1.4229171374277834,1.4927910278361196,0.7095307491333397,0.7832602787027799,1,4.0,0.0,193,0.0
2021-06-23 12:29:00,140033,3680.35,3679.65,3681.8,3677.7,392.0,2021-06-23,2.442134515644284,1.6267606130710834,1.7449231189948478,0.9166092231056413,0.8283138958892065,1,5.0,0.0,194,0.0
2021-06-23 12:30:00,140033,3681.7,3680.65,3682.0,3679.3,811.0,2021-06-23,2.6761230029178478,1.8366330910404363,2.0023494226775256,1.1337572630200181,0.8685921596575075,1,6.0,0.0,195,0.0
2021-06-23 12:31:00,140033,3680.65,3679.9,3682.0,3679.9,312.0,2021-06-23,2.7691211282408403,2.023130698480517,2.12138884097385,1.3312835786107846,0.7901052623630656,1,7.0,0.0,196,0.0
2021-06-23 12:32:00,140033,3680.0,3679.05,3681.4,3679.0,278.0,2021-06-23,2.7426197035997575,2.167028499504365,2.1226717032750457,1.4895612035436367,0.633110499731409,1,8.0,0.0,197,0.0
2021-06-23 12:33:00,140033,3679.05,3680.6,3681.8,3678.6,270.0,2021-06-23,2.8142482774151176,2.2964724550865157,2.223133527547816,1.6362756683444726,0.5868578592033433,1,9.0,0.0,198,0.0
2021-06-23 12:34:00,140033,3680.6,3680.6,3681.3,3679.0,284.0,2021-06-23,2.838296324964176,2.4048372290620477,2.276508079014093,1.7643221504783966,0.5121859285356962,1,10.0,0.0,199,0.0
2021-06-23 12:35:00,140033,3680.6,3681.8,3681.95,3679.5,392.0,2021-06-23,2.920518626320245,2.507973508513687,2.388109131256897,1.8890795466340966,0.49902958462280034,1,11.0,0.0,200,0.0
2021-06-23 12:36:00,140033,3680.05,3675.15,3681.8,3675.0,429.0,2021-06-23,2.4211712142623583,2.490613049663421,2.2737367544323206e-12,2.2737367544323206e-12,0.0,1,0.0,1.0,201,0.0
2021-06-23 12:37:00,140033,3675.0,3680.85,3681.6,3674.95,694.0,2021-06-23,2.4570537693252845,2.483901193595794,0.45470085470287813,0.09094017094239462,0.36376068376048354,1,0.0,2.0,202,0.0
2021-06-23 12:38:00,140033,3680.85,3681.0,3681.65,3678.95,430.0,2021-06-23,2.4691320814763458,2.4809473711719043,0.8177319989304124,0.2362985365399982,0.5814334623904142,1,0.0,0.0,203,0.0
2021-06-23 12:39:00,140033,3681.0,3678.95,3681.1,3678.6,158.0,2021-06-23,2.2869241256803434,2.442142722073592,0.9293064623684586,0.37490012170569026,0.5544063406627684,1,0.0,0.0,204,0.0
2021-06-23 12:40:00,140033,3680.85,3678.8,3680.95,3678.65,342.0,2021-06-23,2.106140979393331,2.37494237353754,0.9941661535253843,0.4987533280696291,0.4954128254557552,1,0.0,0.0,205,0.0
2021-06-23 12:41:00,140033,3678.8,3680.8,3681.0,3678.6,401.0,2021-06-23,2.1000443151588115,2.3199627618617944,1.193196781599454,0.637642018775594,0.55555476282386,1,0.0,0.0,206,0.0
2021-06-23 12:42:00,140033,3678.6,3678.2,3681.0,3678.0,453.0,2021-06-23,1.8639281900159403,2.2287558474926237,1.1281273673371288,0.7357390884879009,0.3923882788492279,1,0.0,0.0,207,0.0
2021-06-23 12:43:00,140033,3678.2,3681.2,3681.2,3677.25,572.0,2021-06-23,1.8970118162997096,2.162407041254041,1.3036071439996704,0.8493126995902548,0.4542944444094156,1,0.0,0.0,208,0.0
2021-06-23 12:44:00,140033,3679.15,3681.0,3681.65,3677.0,602.0,2021-06-23,1.8853592520908933,2.1069974834214116,1.41028096168111,0.9615063520084258,0.44877460967268423,1,0.0,0.0,209,0.0
2021-06-23 12:45:00,140033,3680.9,3681.0,3681.7,3678.25,351.0,2021-06-23,1.854744174695952,2.05654682167632,1.4777857366543685,1.0647622289376144,0.4130235077167541,1,0.0,0.0,210,0.0
2021-06-23 12:46:00,140033,3681.0,3681.0,3681.1,3678.85,346.0,2021-06-23,1.8096213171961608,2.007161720780288,1.5138332300193724,1.154576429153966,0.35925680086540646,1,0.0,0.0,211,0.0
2021-06-23 12:47:00,140033,3680.0,3681.0,3681.65,3680.0,111.0,2021-06-23,1.7536461859103838,1.9564586138063071,1.5248239073848708,1.228625924800147,0.29619798258472385,1,1.0,0.0,212,0.0
2021-06-23 12:48:00,140033,3681.0,3681.75,3681.75,3680.35,314.0,2021-06-23,1.7496355139810476,1.9150939938412552,1.5758869861483618,1.29807813706979,0.27780884907857173,1,2.0,0.0,213,0.0
2021-06-23 12:49:00,140033,3681.75,3680.95,3681.75,3680.95,157.0,2021-06-23,1.6627367195751503,1.8646225389880342,1.534117181918191,1.3452859460394702,0.18883123587872075,1,3.0,0.0,214,0.0
2021-06-23 12:50:00,140033,3680.95,3681.0,3681.3,3680.35,85.0,2021-06-23,1.5796936559286223,1.8076367623761518,1.4878973389245402,1.3738082246164842,0.11408911430805602,1,0.0,0.0,215,0.0
2021-06-23 12:51:00,140033,3681.0,3680.0,3681.3,3680.0,180.0,2021-06-23,1.4168571398990935,1.72948083788074,1.3549570364202737,1.370037986977242,-0.015080950556968453,1,0.0,0.0,216,0.0
2021-06-23 12:52:00,140033,3681.0,3681.75,3681.75,3680.0,536.0,2021-06-23,1.4127332924126677,1.6661313287871256,1.3749615625333718,1.371022702088468,0.003938860444903769,1,0.0,0.0,217,0.0
2021-06-23 12:53:00,140033,3681.75,3681.35,3681.75,3681.3,108.0,2021-06-23,1.3614940011634644,1.6052038632623933,1.3430567147584043,1.3654295046224552,-0.02237278986405089,1,0.0,0.0,218,0.0
2021-06-23 12:54:00,140033,3681.75,3681.0,3681.9,3681.0,229.0,2021-06-23,1.27791342823366,1.5397457762566467,1.2748343216039757,1.3473104680187593,-0.07247614641478362,1,0.0,1.0,219,0.0
2021-06-23 12:55:00,140033,3681.95,3680.15,3682.0,3680.05,193.0,2021-06-23,1.1300606895770215,1.4578087589207216,1.1390494344136641,1.3056582612977403,-0.1666088268840762,1,0.0,2.0,220,0.0
2021-06-23 12:56:00,140033,3680.15,3679.35,3681.8,3679.35,117.0,2021-06-23,0.93752580100454,1.3537521673374853,0.955866979385064,1.2357000049152052,-0.2798330255301411,1,0.0,3.0,221,0.0
2021-06-23 12:57:00,140033,3680.05,3680.5,3680.75,3679.15,295.0,2021-06-23,0.8677332153592943,1.256548376941847,0.8931927826602077,1.1671985604642057,-0.27400577780399793,1,0.0,4.0,222,0.0
2021-06-23 12:58:00,140033,3680.0,3678.25,3680.55,3678.0,448.0,2021-06-23,0.6236765375424511,1.1299740090619679,0.6544230526601496,1.0646434589033944,-0.41022040624324485,1,0.0,5.0,223,0.0
2021-06-23 12:59:00,140033,3680.3,3681.0,3681.3,3678.4,540.0,2021-06-23,0.6447298351208701,1.0329251742737484,0.6792681581850957,0.9875683987597347,-0.308300240574639,1,0.0,6.0,224,0.0
2021-06-23 13:00:00,140033,3679.2,3679.45,3681.7,3678.4,658.0,2021-06-23,0.5302305117406831,0.9323862417671354,0.5673460253833582,0.9035239240844594,-0.33617789870110115,1,0.0,7.0,225,0.0
2021-06-23 13:01:00,140033,3680.8,3680.95,3681.8,3678.7,409.0,2021-06-23,0.5541386713516658,0.8567367276840414,0.5928503825857661,0.8413892157847207,-0.24853883319895465,1,0.0,8.0,226,0.0
2021-06-23 13:02:00,140033,3680.95,3680.0,3681.0,3676.55,868.0,2021-06-23,0.49077168903750135,0.7835437199547334,0.5302928233272723,0.779169937293231,-0.24887711396595869,1,0.0,9.0,227,0.0
2021-06-23 13:03:00,140033,3679.1,3681.1,3681.95,3678.75,348.0,2021-06-23,0.5232816409106817,0.731491304145923,0.5629865552664342,0.7359332608878717,-0.17294670562143755,1,0.0,10.0,228,0.0
2021-06-23 13:04:00,140033,3682.0,3679.65,3682.0,3679.05,1461.0,2021-06-23,0.42711956171251586,0.6706169556592416,0.46651598564312735,0.6820498058389228,-0.21553382019579548,1,0.0,11.0,229,0.0
2021-06-23 13:05:00,140033,3679.75,3681.0,3681.7,3679.15,595.0,2021-06-23,0.45460374967160533,0.6274143144617144,0.49330951672845913,0.64430174801683,-0.15099223128837092,1,0.0,12.0,230,0.0
2021-06-23 13:06:00,140033,3681.0,3681.5,3682.0,3679.45,341.0,2021-06-23,0.5108423157403195,0.6040999147174354,0.5485658784996303,0.6251545741133901,-0.0765886956137598,1,0.0,13.0,231,0.0
2021-06-23 13:07:00,140033,3681.5,3681.45,3682.0,3680.3,564.0,2021-06-23,0.5450937015120871,0.5922986720763658,0.5816178328386741,0.6164472258584469,-0.034829393019772836,1,0.0,0.0,232,0.0
2021-06-23 13:08:00,140033,3681.45,3681.75,3683.0,3680.0,356.0,2021-06-23,0.5896485627122274,0.5917686502035381,0.6248167391404422,0.618121128514846,0.0066956106255962045,1,0.0,0.0,233,0.0
2021-06-23 13:09:00,140033,3681.75,3683.0,3683.55,3680.0,356.0,2021-06-23,0.7175516754732598,0.6169252552574824,0.0,0.0,0.0,1,0.0,1.0,234,0.0
2021-06-23 13:10:00,140033,3683.0,3681.05,3683.6,3680.6,381.0,2021-06-23,0.6540278843262968,0.6243457810712453,-0.15555555555556566,-0.031111111111113133,-0.12444444444445253,1,0.0,2.0,235,0.0
2021-06-23 13:11:00,140033,3680.1,3681.3,3682.95,3680.1,533.0,2021-06-23,0.6167482430078053,0.6228262734585572,-1.3642420526593924e-12,-1.3642420526593924e-12,0.0,1,0.0,3.0,236,0.0
2021-06-23 13:12:00,140033,3682.75,3681.0,3682.75,3680.0,398.0,2021-06-23,0.5565804528810077,0.6095771093430473,-0.02393162393309467,-0.004786324787710328,-0.01914529914538434,1,0.0,4.0,237,0.0
2021-06-23 13:13:00,140033,3680.1,3676.0,3680.1,3676.0,285.0,2021-06-23,0.10423725032705988,0.5085091375398498,-0.4412691455440836,-0.09208288893898497,-0.3491862566050986,1,0.0,5.0,238,0.0
2021-06-23 13:14:00,140033,3676.0,3675.0,3677.6,3675.0,493.0,2021-06-23,-0.33112266335820095,0.3405827773602397,-0.8429863588230546,-0.24226358291579891,-0.6007227759072558,1,0.0,6.0,239,0.0
2021-06-23 13:15:00,140033,3675.0,3673.0,3676.15,3671.0,511.0,2021-06-23,-0.8279872947264266,0.1068687629429064,-1.3076595446245847,-0.45534277525755606,-0.8523167693670286,0,0.0,7.0,240,-0.4927072257830185
2021-06-23 13:16:00,140033,3672.95,3671.05,3672.95,3671.0,300.0,2021-06-23,-1.363388503978058,-0.18718269044128646,-1.8123731854134348,-0.7267488572887318,-1.085624328124703,0,0.0,8.0,241,-0.6326652997316988
2021-06-23 13:17:00,140033,3671.05,3669.25,3673.2,3669.05,606.0,2021-06-23,-1.9109149385312776,-0.5319291400592847,-2.3307400186768064,-1.0475470895663468,-1.2831929291104596,0,0.0,9.0,242,-0.7576818351000494
2021-06-23 13:18:00,140033,3669.25,3669.15,3671.0,3667.65,439.0,2021-06-23,-2.32608904037761,-0.8907611201229498,-2.7182839476586196,-1.3816944611848014,-1.3365894864738181,0,0.0,10.0,243,-0.7990954239707985
2021-06-23 13:19:00,140033,3669.45,3667.0,3669.45,3666.05,572.0,2021-06-23,-2.796369729398066,-1.271882841977973,-3.1624476077136023,-1.7378450904905616,-1.4246025172230408,0,0.0,11.0,244,-1.0
2021-06-23 13:20:00,140033,3668.2,3667.9,3668.7,3666.1,788.0,2021-06-23,-3.061160927583387,-1.6297384590990558,-3.4026049184949443,-2.070797056091438,-1.3318078624035063,0,0.0,12.0,245,-0.9241694748561341
2021-06-23 13:21:00,140033,3668.0,3665.0,3668.0,3665.0,494.0,2021-06-23,-3.465072425562539,-1.9968052523917525,-3.7833252626287504,-2.4133026973989002,-1.37002256522985,0,0.0,13.0,246,-0.9170187661820615
2021-06-23 13:22:00,140033,3664.75,3666.95,3666.95,3664.05,1289.0,2021-06-23,-3.5864837424915095,-2.314740950411704,-3.882940059170778,-2.707230169753276,-1.1757098894175022,0,0.0,14.0,247,-0.7505506033505374
2021-06-23 13:23:00,140033,3666.95,3665.0,3666.95,3664.05,790.0,2021-06-23,-3.7962905150998267,-2.6110508633493286,-4.0722913663285,-2.9802424090683206,-1.0920489572601793,0,0.0,15.0,248,-0.6691065262350705
2021-06-23 13:24:00,140033,3665.0,3663.1,3665.0,3662.05,518.0,2021-06-23,-4.06897342224147,-2.902635375127757,-4.3258026028047425,-3.249354447815605,-1.0764481549891376,0,0.0,16.0,249,-0.6358277001529751
2021-06-23 13:25:00,140033,3664.0,3662.7,3664.0,3660.0,465.0,2021-06-23,-4.268152640973767,-3.175738828296959,-4.507034453572942,-3.5008904489670725,-1.0061440046058694,0,0.0,17.0,250,-0.5660076878999778
2021-06-23 13:26:00,140033,3662.8,3663.0,3663.0,3662.5,330.0,2021-06-23,-4.35163319535377,-3.410917701708321,-4.573731379917717,-3.7154586351572014,-0.8582727447605158,0,0.0,18.0,251,-0.451074111503292
2021-06-23 13:27:00,140033,3663.0,3662.1,3663.25,3661.1,398.0,2021-06-23,-4.439241798411331,-3.6165825210489233,-4.645659383408201,-3.9014987848074014,-0.7441605986008,0,0.0,19.0,252,-0.3673666688195671
2021-06-23 13:28:00,140033,3662.1,3666.25,3666.5,3662.05,480.0,2021-06-23,-4.1262372361525195,-3.7185134640696424,-4.3180171139670165,-3.9848024506393243,-0.33321466332769223,0,0.0,0.0,253,-0.08770826045293106
2021-06-23 13:29:00,140033,3664.2,3666.25,3666.55,3662.85,371.0,2021-06-23,-3.8339830949394127,-3.7416073902435967,-4.012109157978102,-3.99026379210708,-0.02184536587102226,0,0.0,0.0,254,0.13188872227089846
2021-06-23 13:30:00,140033,3666.85,3666.85,3668.95,3663.3,669.0,2021-06-23,-3.5134536897735416,-3.6959766501495857,-2.2737367544323206e-12,-2.2737367544323206e-12,0.0,0,1.0,0.0,255,0.0
2021-06-23 13:31:00,140033,3666.85,3668.2,3668.65,3666.75,920.0,2021-06-23,-3.114594996953201,-3.5797003195103088,0.10769230769028582,0.021538461536238174,0.08615384615404764,0,2.0,0.0,256,0.28251364778703586
2021-06-23 13:32:00,140033,3668.0,3669.8,3669.9,3666.75,606.0,2021-06-23,-2.638969582385471,-3.3915541720853413,0.31847468770365595,0.08092570676972173,0.23754898093393423,0,3.0,0.0,257,0.42199674772387685
2021-06-23 13:33:00,140033,3670.0,3669.0,3670.0,3667.05,420.0,2021-06-23,-2.300072524449206,-3.1732578425581144,0.41617057303938054,0.1479746800236535,0.26819589301572705,1,4.0,0.0,258,0.0
2021-06-23 13:34:00,140033,3669.0,3666.65,3669.3,3666.65,510.0,2021-06-23,-2.1958076212290507,-2.9777677982923016,0.3005058612875473,0.17848091627643226,0.12202494501111505,1,5.0,0.0,259,0.0
2021-06-23 13:35:00,140033,3666.85,3665.7,3668.95,3663.85,708.0,2021-06-23,-2.164878621597836,-2.8151899629534087,0.1306773166243147,0.16892019634600874,-0.038242879721694045,1,6.0,0.0,260,0.0
2021-06-23 13:36:00,140033,3666.75,3667.0,3668.0,3664.8,1166.0,2021-06-23,-2.0122718142333724,-2.6546063332094016,0.09983526805172005,0.155103210687151,-0.055267942635430944,1,0.0,0.0,261,0.0
2021-06-23 13:37:00,140033,3668.65,3668.0,3669.25,3666.2,164.0,2021-06-23,-1.7900041239709026,-2.481685891361702,0.15430562580195328,0.15494369371011146,-0.0006380679081581797,1,1.0,0.0,262,0.0
2021-06-23 13:38:00,140033,3668.0,3667.6,3668.05,3665.35,436.0,2021-06-23,-1.6273726957142571,-2.310823252232213,0.1633145314376634,0.15661786125562185,0.006696670182041536,1,2.0,0.0,263,0.0
2021-06-23 13:39:00,140033,3667.4,3665.45,3667.5,3665.4,337.0,2021-06-23,-1.652919323767037,-2.179242466539178,-0.0029983149324834812,0.12469462601800078,-0.12769294095048428,1,0.0,0.0,264,0.0
2021-06-23 13:40:00,140033,3665.45,3664.0,3666.0,3664.0,461.0,2021-06-23,-1.7697673164148,-2.097347436514302,-0.24893574938278107,0.049968550937844414,-0.2989043003206255,1,0.0,0.0,265,0.0
2021-06-23 13:41:00,140033,3664.0,3662.0,3664.05,3662.0,434.0,2021-06-23,-2.0006907600400154,-2.0780161012194447,-0.5983290584317729,-0.07969097093607905,-0.5186380874956938,1,0.0,1.0,266,0.0
2021-06-23 13:42:00,140033,3662.0,3663.8,3663.8,3661.0,1171.0,2021-06-23,-2.015224047666379,-2.0654576905088318,-0.7216619466221346,-0.20808516607329017,-0.5135767805488444,0,0.0,2.0,267,-0.10406055102284767
2021-06-23 13:43:00,140033,3663.8,3661.45,3663.8,3661.0,604.0,2021-06-23,-2.1911093978278586,-2.0905880319726373,1.3642420526593924e-12,1.3642420526593924e-12,0.0,0,0.0,0.0,268,0.0
2021-06-23 13:44:00,140033,3661.45,3662.2,3663.85,3661.0,448.0,2021-06-23,-2.2441123428507126,-2.1212928941482523,0.05982905983046294,0.011965811967183982,0.04786324786327896,0,0.0,0.0,269,-0.032438195862033545
2021-06-23 13:45:00,140033,3664.0,3661.05,3664.0,3661.0,379.0,2021-06-23,-2.351802828633936,-2.167394881045389,0.014283974969202973,0.01242944456758778,0.0018545304016151926,0,0.0,0.0,270,-0.07233841900175057
2021-06-23 13:46:00,140033,3661.05,3661.25,3663.25,3660.3,588.0,2021-06-23,-2.3934201285651397,-2.212599930549339,-0.005607860462987446,0.008821983561472735,-0.014429844024460181,1,0.0,1.0,271,0.0
2021-06-23 13:47:00,140033,3661.25,3662.65,3663.75,3661.0,472.0,2021-06-23,-2.2870699204931952,-2.2274939285381103,0.0905521871095516,0.025168024271088506,0.06538416283846309,1,0.0,0.0,272,0.0
2021-06-23 13:48:00,140033,3662.85,3663.75,3663.75,3662.15,634.0,2021-06-23,-2.0899343452747416,-2.1999820118854365,0.0,0.0,0.0,1,0.0,0.0,273,0.0
2021-06-23 13:49:00,140033,3663.75,3662.6,3663.75,3660.75,1086.0,2021-06-23,-2.00340437215209,-2.1606664839387673,-0.09173789173792102,-0.018347578347584204,-0.07339031339033682,1,0.0,1.0,274,0.0
2021-06-23 13:50:00,140033,3662.95,3665.45,3666.05,3661.35,782.0,2021-06-23,-1.6854289872590016,-2.065618984602814,0.06478356506886485,-0.0017213496642943943,0.06650491473315924,1,0.0,0.0,275,0.0
2021-06-23 13:51:00,140033,3665.45,3665.1,3665.45,3663.5,676.0,2021-06-23,-1.4450160334281463,-1.9414983943678805,0.15875583390470638,0.03037408704950576,0.12838174685520062,1,1.0,0.0,276,0.0
2021-06-23 13:52:00,140033,3665.7,3665.2,3665.7,3663.6,777.0,2021-06-23,-1.2322136789061915,-1.7996414512755428,0.23854885554101202,0.07200904074780701,0.166539814793205,1,2.0,0.0,277,0.0
2021-06-23 13:53:00,140033,3665.2,3665.1,3665.2,3664.0,367.0,2021-06-23,-1.059423074321785,-1.6515977758847913,0.29036904222994053,0.11568104104423371,0.17468800118570682,1,3.0,0.0,278,0.0
2021-06-23 13:54:00,140033,3665.0,3665.05,3666.9,3664.0,1081.0,2021-06-23,-0.9159612265780197,-1.504470466023437,0.32367125069322356,0.15727908297403168,0.16639216771919188,1,4.0,0.0,279,0.0
2021-06-23 13:55:00,140033,3665.4,3666.25,3666.25,3663.45,801.0,2021-06-23,-0.6973975427154073,-1.343055881361831,0.44180065902537535,0.2141833981843004,0.22761726084107495,1,5.0,0.0,280,0.0
2021-06-23 13:56:00,140033,3666.25,3664.1,3666.25,3663.45,541.0,2021-06-23,-0.68972061042723,-1.2123888271749108,0.3578074529150399,0.2429082091304483,0.1148992437845916,1,6.0,0.0,281,0.0
2021-06-23 13:57:00,140033,3666.0,3667.0,3667.0,3664.25,604.0,2021-06-23,-0.4445068246127448,-1.0588124266624777,0.5192622634790496,0.29817902000016855,0.22108324347888103,1,7.0,0.0,282,0.0
2021-06-23 13:58:00,140033,3667.0,3666.05,3668.85,3666.05,578.0,2021-06-23,-0.32310563259670744,-0.9116710678493236,0.5640572032261844,0.3513546566453717,0.21270254658081267,1,8.0,0.0,283,0.0
2021-06-23 13:59:00,140033,3666.05,3667.9,3668.4,3665.65,490.0,2021-06-23,-0.0767302755180026,-0.7446829093830594,0.7403032990023348,0.42914438511676434,0.3111589138855705,1,9.0,0.0,284,0.0
2021-06-23 14:00:00,140033,3668.0,3669.3,3669.3,3667.4,180.0,2021-06-23,0.22885418117357403,-0.5499754912717327,0.9816322538245004,0.5396419588583116,0.4419902949661888,1,10.0,0.0,285,0.0
2021-06-23 14:01:00,140033,3667.7,3667.4,3669.3,3667.4,272.0,2021-06-23,0.3140972263745425,-0.37716094774247766,1.0079540018605258,0.6333043674587544,0.37464963440177135,1,11.0,0.0,286,0.0
2021-06-23 14:02:00,140033,3667.4,3667.3,3668.0,3666.6,1209.0,2021-06-23,0.36932642445071906,-0.2278634733038383,1.0091125907565583,0.7084660121183152,0.3006465786382432,1,12.0,0.0,287,0.0
2021-06-23 14:03:00,140033,3667.3,3667.1,3669.3,3666.05,386.0,2021-06-23,0.3924338995875587,-0.1038039987255589,0.9825660425608476,0.7632860182068216,0.21928002435402594,1,13.0,0.0,288,0.0
2021-06-23 14:04:00,140033,3667.1,3671.85,3671.85,3667.1,697.0,2021-06-23,0.7849832445003813,0.07395344991962916,1.3294875100141326,0.8765263165682838,0.45296119344584873,1,14.0,0.0,289,0.0
2021-06-23 14:05:00,140033,3672.8,3673.7,3673.7,3671.85,204.0,2021-06-23,1.2311688196373325,0.30539652386316984,1.7337195712948414,1.0479649675135954,0.6857546037812461,1,15.0,0.0,290,0.0
2021-06-23 14:06:00,140033,3673.9,3673.7,3674.0,3671.7,665.0,2021-06-23,1.5667139987940573,0.5576600188493473,2.0306681142210437,1.244505596855085,0.7861625173659585,0,16.0,0.0,291,0.6788907401692321
2021-06-23 14:07:00,140033,3673.7,3672.2,3674.1,3672.1,320.0,2021-06-23,1.6920931106828903,0.784546637216056,2.1205204699126625,1.4197085714666007,0.7008118984460618,0,17.0,0.0,292,0.5736574204037294
2021-06-23 14:08:00,140033,3672.2,3674.4,3677.05,3672.2,585.0,2021-06-23,1.946540071727668,1.0169453241183783,2.3422507147429315,1.6042170001218667,0.7380337146210647,1,18.0,0.0,293,0.0
2021-06-23 14:09:00,140033,3675.45,3672.8,3675.45,3672.2,264.0,2021-06-23,1.9960749834094713,1.2127712559765969,2.361643348559028,1.755702269809299,0.6059410787497288,1,19.0,0.0,294,0.0
2021-06-23 14:10:00,140033,3674.85,3674.05,3675.0,3672.8,134.0,2021-06-23,2.1118521936055004,1.3925874435023775,2.449638792733367,1.8944895743941126,0.5551492183392546,1,20.0,0.0,295,0.0
2021-06-23 14:11:00,140033,3675.0,3673.4,3676.0,3673.4,534.0,2021-06-23,2.126642290555992,1.5393984129131004,2.4388131288501427,2.003354285285319,0.4354588435648239,1,21.0,0.0,296,0.0
2021-06-23 14:12:00,140033,3673.4,3675.95,3676.0,3673.0,349.0,2021-06-23,2.3174135369922624,1.6950014377289329,2.6059575445674454,2.123874937141744,0.4820826074257014,1,22.0,0.0,297,0.0
2021-06-23 14:13:00,140033,3676.0,3671.95,3676.0,3671.95,844.0,2021-06-23,2.1213805985935323,1.7802772699018528,2.388125305661106,2.176725010845616,0.2114002948154896,1,23.0,0.0,298,0.0
2021-06-23 14:14:00,140033,3671.95,3672.0,3674.3,3671.95,465.0,2021-06-23,1.9476068651060814,1.8137431889426985,2.1942325224081287,2.180226513158119,0.014006009250009832,1,0.0,0.0,299,0.0
2021-06-23 14:15:00,140033,3672.0,3672.95,3673.0,3669.05,301.0,2021-06-23,1.865047878868154,1.8240041269277896,2.093100199091168,2.162801250344729,-0.06970105125356074,1,0.0,0.0,300,0.0
2021-06-23 14:16:00,140033,3672.95,3666.7,3672.95,3665.7,230.0,2021-06-23,1.280535306985712,1.715310362939374,1.3642420526593924e-12,1.3642420526593924e-12,0.0,1,0.0,1.0,301,0.0
2021-06-23 14:17:00,140033,3666.7,3667.9,3669.8,3666.15,661.0,2021-06-23,0.9037173625533796,1.5529917628621752,0.0957264957278312,0.019145299146657635,0.07658119658117357,0,0.0,2.0,302,-0.23674193336484228
2021-06-23 14:18:00,140033,3667.9,3666.75,3667.9,3666.75,1998.0,2021-06-23,0.506452963211359,1.343684002932012,0.07789709499229502,0.030895658315785113,0.04700143667650991,0,0.0,3.0,303,-0.3267403712145602
2021-06-23 14:19:00,140033,3666.75,3668.85,3668.85,3666.5,442.0,2021-06-23,0.3569557504711156,1.1463383524398327,0.2305618426212277,0.07082889517687363,0.15973294744435407,1,0.0,4.0,304,0.0
2021-06-23 14:20:00,140033,3668.85,3672.4,3672.4,3668.85,365.0,2021-06-23,0.5189513159821217,1.0208609451482906,0.6307343731837136,0.18280999077824162,0.447924382405472,1,0.0,0.0,305,0.0
2021-06-23 14:21:00,140033,3672.7,3670.9,3672.7,3669.35,441.0,2021-06-23,0.5202988238215767,0.9207485208829478,0.8174138843291985,0.309730769488433,0.5076831148407654,1,0.0,0.0,306,0.0
2021-06-23 14:22:00,140033,3671.0,3673.0,3673.0,3669.1,548.0,2021-06-23,0.6829465997780062,0.8731881366619595,1.1218788701630729,0.47216038962336093,0.6497184805397119,1,0.0,0.0,307,0.0
2021-06-23 14:23:00,140033,3673.4,3671.65,3673.9,3671.2,692.0,2021-06-23,0.6949020185493282,0.8375309130394333,1.2399425613984931,0.6257168239783873,0.6142257374201058,1,0.0,0.0,308,0.0
2021-06-23 14:24:00,140033,3671.65,3670.75,3671.65,3668.15,645.0,2021-06-23,0.6245548165211403,0.7949356937357747,1.2465173330342623,0.7498769257895623,0.49664040724469993,1,0.0,0.0,309,0.0
2021-06-23 14:25:00,140033,3670.15,3668.6,3673.2,3667.3,443.0,2021-06-23,0.390812081979675,0.7141109713845547,1.0659532101503828,0.8130921826617264,0.25286102748865635,1,0.0,0.0,310,0.0
2021-06-23 14:26:00,140033,3669.0,3669.3,3670.0,3667.55,355.0,2021-06-23,0.25906706680370917,0.6231021904683856,0.9681784334161421,0.8441094328126095,0.12406900060353254,1,0.0,0.0,311,0.0
2021-06-23 14:27:00,140033,3669.3,3670.0,3670.0,3668.0,527.0,2021-06-23,0.20873616241442505,0.5402289848575934,0.9363813469899469,0.862563815648077,0.07381753134186986,1,0.0,0.0,312,0.0
2021-06-23 14:28:00,140033,3670.0,3668.1,3670.0,3667.9,232.0,2021-06-23,0.015357406412476848,0.4352546691685701,0.7492311357218568,0.839897279662833,-0.09066614394097616,1,0.0,0.0,313,0.0
2021-06-23 14:29:00,140033,3666.9,3668.05,3668.2,3666.9,437.0,2021-06-23,-0.14031378312074594,0.32014097871070685,0.5900766267714062,0.7899331490845476,-0.19985652231314144,1,0.0,0.0,314,0.0
2021-06-23 14:30:00,140033,3668.05,3669.0,3669.0,3666.65,1312.0,2021-06-23,-0.18489589704995524,0.21913360355857442,0.5344418789977681,0.7388348950671917,-0.20439301606942362,1,0.0,0.0,315,0.0
2021-06-23 14:31:00,140033,3669.0,3669.7,3670.95,3668.3,193.0,2021-06-23,-0.1618773720997524,0.14293140842690905,0.5406033514941555,0.6991885863525844,-0.1585852348584289,1,0.0,0.0,316,0.0
2021-06-23 14:32:00,140033,3670.85,3667.5,3670.85,3667.5,508.0,2021-06-23,-0.31749673435115255,0.05084577987129672,0.36377141853290595,0.6321051527886488,-0.2683337342557428,1,0.0,1.0,317,0.0
2021-06-23 14:33:00,140033,3667.5,3667.85,3669.7,3667.15,568.0,2021-06-23,-0.4078823117920365,-0.04089983846136992,0.24900256600176363,0.5554846354312717,-0.30648206942950806,1,0.0,2.0,318,0.0
2021-06-23 14:34:00,140033,3667.85,3668.2,3669.95,3667.85,400.0,2021-06-23,-0.4461287634985638,-0.1219456234688087,0.18416654118664155,0.4812210165823457,-0.2970544753957041,1,0.0,3.0,319,0.0
2021-06-23 14:35:00,140033,3668.2,3668.45,3669.95,3668.2,294.0,2021-06-23,-0.4510668237990103,-0.18776986353484904,0.15121334178775214,0.415219481623427,-0.26400613983567484,1,0.0,4.0,320,0.0
2021-06-23 14:36:00,140033,3668.45,3668.6,3669.8,3666.45,1133.0,2021-06-23,-0.4378294998309684,-0.2377817907940729,0.13563789107047342,0.35930316351283625,-0.22366527244236284,1,0.0,5.0,321,0.0
2021-06-23 14:37:00,140033,3668.6,3668.85,3669.8,3666.65,321.0,2021-06-23,-0.40252584715153716,-0.27073060206556576,0.14183219160713634,0.31580896913169626,-0.17397677752455992,1,0.0,6.0,322,0.0
2021-06-23 14:38:00,140033,3669.0,3665.2,3669.0,3665.2,761.0,2021-06-23,-0.6614471922357552,-0.34887392009960366,-0.14609913636650163,0.22342734803205666,-0.3695264843985583,1,0.0,7.0,323,0.0
2021-06-23 14:39:00,140033,3665.2,3663.2,3666.45,3661.2,399.0,2021-06-23,-1.0163120957377032,-0.48236155522722357,-0.5295655712593543,0.07282876417377446,-0.6023943354331288,1,0.0,8.0,324,0.0
2021-06-23 14:40:00,140033,3663.2,3661.0,3663.2,3660.0,486.0,2021-06-23,-1.4582568253104,-0.6775406092438588,-0.9994658769869602,-0.14163016405837248,-0.8578357129285877,0,0.0,9.0,325,-0.4851638561342321
2021-06-23 14:41:00,140033,3661.0,3660.25,3661.0,3660.25,1302.0,2021-06-23,-1.8477205669951218,-0.9115766007941114,-1.4160605224774372,-0.3965162357421855,-1.0195442867352518,0,0.0,10.0,326,-0.5784263261658432
2021-06-23 14:42:00,140033,3661.0,3662.15,3665.05,3660.0,1016.0,2021-06-23,-1.980232380941743,-1.1253077568236378,-1.574747945326635,-0.6321625776590754,-0.9425853676675597,1,0.0,11.0,327,0.0
2021-06-23 14:43:00,140033,3662.15,3663.25,3665.0,3661.1,570.0,2021-06-23,-1.9737361396641973,-1.2949934333917497,-1.593380564990639,-0.824406175125388,-0.7689743898652509,1,0.0,12.0,328,0.0
2021-06-23 14:44:00,140033,3664.85,3661.6,3664.85,3660.15,593.0,2021-06-23,-2.077777704022992,-1.4515502875179982,-1.7214445198274007,-1.0038138440657907,-0.71763067576161,1,0.0,13.0,329,0.0
2021-06-23 14:45:00,140033,3663.3,3663.0,3664.7,3662.55,267.0,2021-06-23,-2.0239324600988766,-1.566026722034174,-1.6904810141313646,-1.1411472780789054,-0.5493337360524593,1,0.0,14.0,330,0.0
2021-06-23 14:46:00,140033,3663.0,3662.65,3664.7,3662.1,141.0,2021-06-23,-1.986601485969004,-1.65014167482114,-1.6748773442659513,-1.2478932913163145,-0.4269840529496367,1,0.0,15.0,331,0.0
2021-06-23 14:47:00,140033,3662.65,3664.75,3665.0,3662.0,158.0,2021-06-23,-1.767192871070165,-1.673551914070945,-1.4760439579690683,-1.2935234246468652,-0.18252053332220308,1,0.0,0.0,332,0.0
2021-06-23 14:48:00,140033,3664.75,3663.0,3665.0,3661.75,1239.0,2021-06-23,-1.7147537241139617,-1.6817922760795483,-1.4430429406943404,-1.3234273278563602,-0.11961561283798017,1,0.0,0.0,333,0.0
2021-06-23 14:49:00,140033,3663.0,3660.2,3663.0,3660.2,1269.0,2021-06-23,-1.87748939274843,-1.7209316994133246,-1.6241043323943813,-1.3835627287639645,-0.24054160363041688,1,0.0,1.0,334,0.0
2021-06-23 14:50:00,140033,3660.65,3660.7,3661.9,3660.0,1297.0,2021-06-23,-1.943706917829786,-1.7654867430966168,-1.7075671967472772,-1.448363622360627,-0.2592035743866501,1,0.0,2.0,335,0.0
2021-06-23 14:51:00,140033,3661.4,3660.5,3662.6,3660.5,394.0,2021-06-23,-1.9893906549409621,-1.8102675254654859,-1.769453290507954,-1.5125815559900926,-0.2568717345178615,1,0.0,3.0,336,0.0
2021-06-23 14:52:00,140033,3660.5,3661.75,3661.9,3660.0,497.0,2021-06-23,-1.9027965383761511,-1.8287733280476188,-1.6980597367250994,-1.549677192137094,-0.14838254458800537,1,0.0,4.0,337,0.0
2021-06-23 14:53:00,140033,3661.9,3661.4,3661.9,3660.1,647.0,2021-06-23,-1.8411880819407997,-1.831256278826255,-1.6506937360491065,-1.5698805009194965,-0.08081323512961003,1,0.0,0.0,338,0.0
2021-06-23 14:54:00,140033,3661.4,3661.0,3663.05,3660.1,485.0,2021-06-23,-1.8038459798112854,-1.825774219023261,0.0,0.0,0.0,1,1.0,0.0,339,0.0
2021-06-23 14:55:00,140033,3661.0,3662.25,3663.05,3660.65,849.0,2021-06-23,-1.6543175980314118,-1.7914828948248913,0.09971509971501291,0.019943019943002585,0.07977207977201033,1,2.0,0.0,340,0.0
2021-06-23 14:56:00,140033,3662.25,3657.05,3662.35,3657.05,2106.0,2021-06-23,-1.933127924578912,-1.8198119007756954,-1.3642420526593924e-12,-1.3642420526593924e-12,0.0,1,3.0,0.0,341,0.0
2021-06-23 14:57:00,140033,3655.75,3655.3,3656.45,3653.5,1462.0,2021-06-23,-2.269140255354614,-1.9096775716914791,-0.13960113960274612,-0.027920227921640617,-0.1116809116811055,1,4.0,0.0,342,0.0
2021-06-23 14:58:00,140033,3655.3,3656.35,3656.95,3654.05,1993.0,2021-06-23,-2.4227779474967974,-2.012297646852543,-0.16362367188730786,-0.05506091671477407,-0.1085627551725338,0,0.0,0.0,343,-0.09593140956931434
2021-06-23 14:59:00,140033,3656.35,3654.95,3658.25,3653.85,852.0,2021-06-23,-2.6272202653008208,-2.1352821705421983,-0.2922609986412681,-0.10250093310007288,-0.1897600655411952,0,0.0,0.0,344,-0.1549545061866007
2021-06-23 15:00:00,140033,3655.0,3656.05,3656.05,3654.15,2112.0,2021-06-23,-2.6697067505856467,-2.242167086550888,-0.30196533158368766,-0.14239381279679583,-0.15957151878689183,1,0.0,0.0,345,0.0
2021-06-23 15:01:00,140033,3656.05,3657.65,3657.9,3654.0,1145.0,2021-06-23,-2.5449345467418425,-2.3027205785890787,-0.17849191344384963,-0.1496134329262066,-0.028878480517643024,1,0.0,0.0,346,0.0
2021-06-23 15:02:00,140033,3657.8,3659.85,3659.85,3657.8,1275.0,2021-06-23,-2.2426778679841846,-2.2907120364680997,,,,1,0.0,0.0,347,0.0
2021-06-23 15:03:00,140033,3659.85,3660.85,3660.85,3657.8,1122.0,2021-06-23,-1.900537417470332,-2.2126771126685463,,,,1,0.0,0.0,348,0.0
2021-06-23 15:04:00,140033,3660.75,3660.0,3660.85,3659.05,518.0,2021-06-23,-1.6786263816834435,-2.1058669664715257,,,,1,0.0,0.0,349,0.0
2021-06-23 15:05:00,140033,3660.0,3656.75,3660.85,3656.5,600.0,2021-06-23,-1.7448940729423157,-2.0336723877656837,,,,1,0.0,0.0,350,0.0
2021-06-23 15:06:00,140033,3656.6,3659.85,3659.85,3655.15,647.0,2021-06-23,-1.5296349242371434,-1.9328648950599756,,,,1,0.0,0.0,351,0.0
2021-06-23 15:07:00,140033,3660.0,3659.05,3660.65,3654.7,672.0,2021-06-23,-1.4073705208443243,-1.8277660202168453,,,,1,0.0,0.0,352,0.0
2021-06-23 15:08:00,140033,3659.15,3660.0,3660.2,3657.15,842.0,2021-06-23,-1.219757435327665,-1.7061643032390093,,,,1,0.0,0.0,353,0.0
2021-06-23 15:09:00,140033,3661.0,3655.8,3661.0,3655.0,1422.0,2021-06-23,-1.3939094915713213,-1.6437133409054716,,,,1,0.0,0.0,354,0.0
2021-06-23 15:10:00,140033,3657.2,3659.1,3660.75,3656.85,587.0,2021-06-23,-1.251220538581947,-1.5652147804407668,,,,1,0.0,0.0,355,0.0
2021-06-23 15:11:00,140033,3659.1,3660.15,3660.8,3659.1,1197.0,2021-06-23,-1.0414075920680261,-1.4604533427662187,,,,1,0.0,0.0,356,0.0
2021-06-23 15:12:00,140033,3660.15,3660.45,3661.85,3660.0,559.0,2021-06-23,-0.8412247126962029,-1.3366076167522156,,,,1,0.0,0.0,357,0.0
2021-06-23 15:13:00,140033,3661.5,3660.0,3661.5,3660.0,555.0,2021-06-23,-0.7106971039265773,-1.211425514187088,,,,1,0.0,0.0,358,0.0
2021-06-23 15:14:00,140033,3660.0,3660.0,3661.7,3659.8,836.0,2021-06-23,-0.6003327710855046,-1.0892069655667713,,,,1,0.0,0.0,359,0.0
2021-06-23 15:15:00,140033,3661.0,3660.9,3661.15,3658.05,786.0,2021-06-23,-0.4352287180490748,-0.958411316063232,,,,1,0.0,0.0,360,0.0
2021-06-23 15:16:00,140033,3661.4,3660.6,3661.4,3660.0,259.0,2021-06-23,-0.32484544324233866,-0.8316981414990534,,,,1,,,361,0.0
2021-06-23 15:17:00,140033,3661.0,3660.05,3662.0,3660.0,192.0,2021-06-23,-0.27853552203168874,-0.7210656176055805,,,,1,,,362,0.0
2021-06-23 15:18:00,140033,3660.05,3660.65,3661.65,3660.0,259.0,2021-06-23,-0.19121537838191216,-0.6150955697608469,,,,1,,,363,0.0
2021-06-23 15:19:00,140033,3661.5,3660.05,3661.75,3660.0,341.0,2021-06-23,-0.1684863156551728,-0.525773718939712,,,,1,,,364,0.0
2021-06-23 15:20:00,140033,3660.15,3656.2,3660.15,3655.35,228.0,2021-06-23,-0.45588108057700083,-0.5117951912671698,,,,1,,,365,0.0
2021-06-23 15:21:00,140033,3656.25,3659.6,3659.95,3655.6,453.0,2021-06-23,-0.40462762197603297,-0.49036167740894243,,,,1,,,366,0.0
2021-06-23 15:22:00,140033,3660.0,3661.55,3662.0,3658.9,338.0,2021-06-23,-0.20430508179606477,-0.4331503582863669,,,,1,,,367,0.0
2021-06-23 15:23:00,140033,3662.0,3660.0,3662.0,3660.0,352.0,2021-06-23,-0.16867568328734706,-0.3802554232865629,,,,1,,,368,0.0
2021-06-23 15:24:00,140033,3660.25,3660.0,3661.9,3660.0,234.0,2021-06-23,-0.13883868236689523,-0.3319720751026294,,,,1,,,369,0.0
2021-06-23 15:25:00,140033,3660.0,3660.0,3661.0,3660.0,1077.0,2021-06-23,-0.11387990748744414,-0.2883536415795923,,,,1,,,370,0.0
2021-06-23 15:26:00,140033,3660.0,3660.0,3660.95,3660.0,691.0,2021-06-23,-0.09302753506108274,-0.2492884202758904,,,,1,,,371,0.0
2021-06-23 15:27:00,140033,3660.0,3660.75,3660.9,3660.0,862.0,2021-06-23,-0.015801003557953663,-0.20259093693230307,,,,1,,,372,0.0
2021-06-23 15:28:00,140033,3660.25,3660.0,3660.5,3660.0,926.0,2021-06-23,-0.014944877696052572,-0.16506172508505296,,,,1,,,373,0.0
2021-06-23 15:29:00,140033,3660.0,3663.8,3663.8,3660.0,1485.0,2021-06-23,0.28903009131499857,-0.07424336180504265,,,,1,,,374,0.0
2021-06-23 15:30:00,140033,3663.8,3661.95,3663.8,3661.95,41.0,2021-06-23,0.37631498052542156,0.0158683066610502,,,,1,,,375,0.0
